qid,cmid
Q361,AM28947
Q362,AM28948
Q2269,AM26229
Q5324,AM26834
Q5743,AM27863
Q7183,AM25008
Q7209,AM25010
Q7313,AM42526
Q7319,AM42974
Q8683,AM28806
Q8698,AM26180
Q8733,AM25046
Q8950,AM42996
Q8951,AM42997
Q9683,AM25025
Q9903,AM25042
Q11756,AM43088
Q11764,AM27621
Q12544,AM24529
Q12554,AM23113
Q16410,AM42627
Q27837,AM42616
Q31389,AM42635
Q35216,AM24725
Q35560,AM42725
Q36422,AM23291
Q37853,AM42774
Q40203,AM23287
Q41493,AM42899
Q44155,AM23047
Q47855,AM43010
Q49696,AM24751
Q51122,AM27250
Q51644,AM43103
Q52824,AM26688
Q55525,AM42925
Q58202,AM26302
Q69461,AM43079
Q69829,AM42964
Q74049,AM42617
Q74740,AM43086
Q83311,AM23269
Q94080,AM28245
Q116123,AM42834
Q126416,AM42838
Q128938,AM25004
Q129167,AM23887
Q130253,AM23292
Q131192,AM23768
Q131808,AM42865
Q137816,AM42609
Q140654,AM23996
Q152855,AM42625
Q154611,AM25670
Q159879,AM42671
Q165292,AM42546
Q173843,AM42560
Q174450,AM43027
Q175447,AM23906
Q177819,AM23251
Q180568,AM25877
Q182688,AM24450
Q184716,AM42678
Q184963,AM27485
Q185043,AM25012
Q185047,AM25006
Q185063,AM24963
Q185852,AM28816
Q186075,AM24374
Q186513,AM43093
Q187979,AM25850
Q189178,AM27540
Q190882,AM42769
Q191324,AM25873
Q193292,AM27541
Q193547,AM26295
Q193748,AM43102
Q201038,AM27749
Q201705,AM42873
Q202390,AM42874
Q202763,AM24443
Q204023,AM27555
Q206414,AM43024
Q207272,AM42876
Q207858,AM27290
Q210542,AM42582
Q210688,AM26738
Q212685,AM27964
Q212976,AM28790
Q213649,AM27963
Q215262,AM23003
Q217050,AM23679
Q217200,AM42603
Q232211,AM25866
Q233225,AM42878
Q233263,AM42908
Q233486,AM43084
Q234510,AM27536
Q236205,AM27548
Q238399,AM43096
Q238809,AM28590
Q242115,AM25030
Q245156,AM27117
Q245813,AM11443
Q264012,AM26757
Q269237,AM42633
Q271834,AM26644
Q304121,AM42634
Q307066,AM24961
Q319460,AM24817
Q319531,AM27528
Q327567,AM27566
Q329174,AM27522
Q329838,AM23887
Q334845,AM42533
Q338466,AM25914
Q342587,AM42723
Q355862,AM42726
Q362291,AM353949
Q373860,AM27297
Q388483,AM42731
Q389688,AM23269
Q391189,AM42892
Q391511,AM42893
Q419594,AM23282
Q428101,AM23278
Q428995,AM42540
Q455151,AM42775
Q459939,AM26750
Q466803,AM42739
Q466887,AM42740
Q470867,AM43013
Q472670,AM42742
Q474124,AM42557
Q474757,AM42743
Q479505,AM43135
Q482705,AM42751
Q486761,AM42541
Q487687,AM42752
Q488521,AM42753
Q488889,AM42754
Q491559,AM42755
Q491776,AM42756
Q497163,AM42757
Q498819,AM26015
Q506023,AM42912
Q531510,AM42571
Q537340,AM42919
Q542291,AM42595
Q575630,AM23069
Q582948,AM42934
Q605601,AM43364
Q610028,AM42944
Q614082,AM23964
Q621421,AM42949
Q626270,AM23045
Q626361,AM27711
Q632376,AM24591
Q633881,AM42567
Q661566,AM42955
Q667737,AM23784
Q683551,AM24973
Q693549,AM23720
Q694519,AM42961
Q695827,AM42962
Q698268,AM42963
Q699446,AM28692
Q702639,AM42965
Q703919,AM42966
Q709357,AM42967
Q711757,AM27522
Q712602,AM42968
Q713750,AM42782
Q714601,AM25862
Q716528,AM27703
Q716742,AM23279
Q721164,AM42970
Q731494,AM23277
Q756905,AM23658
Q757669,AM42978
Q776775,AM27520
Q784817,AM42982
Q784863,AM42983
Q784877,AM43009
Q787204,AM42498
Q804558,AM42985
Q821705,AM42987
Q826021,AM27447
Q829005,AM485
Q831336,AM43020
Q836465,AM25011
Q840828,AM42988
Q843745,AM25706
Q844172,AM27571
Q846848,AM25976
Q847706,AM28425
Q852337,AM26484
Q853348,AM42989
Q855736,AM42990
Q872221,AM181744
Q874209,AM42993
Q889394,AM42994
Q891658,AM42995
Q904998,AM27101
Q927198,AM24432
Q933996,AM43017
Q938328,AM43002
Q956129,AM25674
Q977566,AM43006
Q979160,AM43007
Q987788,AM27439
Q987901,AM24977
Q1038653,AM42787
Q1046461,AM27534
Q1047607,AM42580
Q1056845,AM43057
Q1064034,AM27047
Q1066218,AM23965
Q1069609,AM24959
Q1083391,AM42618
Q1096872,AM42809
Q1108420,AM42811
Q1109279,AM42814
Q1122859,AM42825
Q1145058,AM27482
Q1147037,AM43140
Q1155700,AM42833
Q1162237,AM42835
Q1164547,AM42645
Q1190360,AM495
Q1192817,AM42655
Q1196237,AM27029
Q1197281,AM25011
Q1197995,AM23322
Q1200427,AM43101
Q1201263,AM25069
Q1203967,AM42657
Q1204796,AM43081
Q1269201,AM42839
Q1275225,AM28633
Q1277529,AM23060
Q1302871,AM43061
Q1322229,AM26227
Q1340216,AM42758
Q1343901,AM43083
Q1349904,AM42607
Q1362712,AM26291
Q1368990,AM42608
Q1370527,AM42583
Q1376093,AM27703
Q1415585,AM42610
Q1419845,AM29392
Q1421269,AM42611
Q1438813,AM353950
Q1471568,AM23230
Q1471923,AM29418
Q1472236,AM42612
Q1473258,AM42614
Q1474884,AM42613
Q1505242,AM42623
Q1535602,AM42626
Q1543663,AM43087
Q1546344,AM25870
Q1551054,AM43102
Q1551765,AM43016
Q1588784,AM27099
Q1606338,AM43365
Q1611788,AM26830
Q1620773,AM42554
Q1661989,AM42601
Q1737205,AM42871
Q1751977,AM42589
Q1757491,AM180827
Q1758757,AM28281
Q1841483,AM42677
Q1848886,AM26039
Q1853526,AM42679
Q1859432,AM43018
Q1859495,AM42680
Q1894491,AM42545
Q1931902,AM23045
Q1990219,AM42684
Q1998866,AM42685
Q2000161,AM28362
Q2000977,AM26580
Q2010024,AM42686
Q2031312,AM42875
Q2037294,AM24973
Q2046235,AM42547
Q2064584,AM42596
Q2065143,AM42597
Q2101490,AM42562
Q2107139,AM24558
Q2146939,AM42600
Q2148285,AM42553
Q2174038,AM25670
Q2187853,AM42644
Q2299963,AM26081
Q2302736,AM25972
Q2316201,AM25964
Q2328052,AM42877
Q2334663,AM42879
Q2343272,AM25971
Q2349651,AM42880
Q2358039,AM26300
Q2365500,AM42771
Q2366054,AM28807
Q2378204,AM42698
Q2394404,AM11450
Q2414171,AM24422
Q2416215,AM42882
Q2454585,AM42883
Q2470611,AM42884
Q2479606,AM23617
Q2497438,AM43097
Q2511922,AM42585
Q2523849,AM42590
Q2559155,AM25970
Q2577600,AM42591
Q2610662,AM42593
Q2614019,AM26691
Q2617267,AM43085
Q2629081,AM11454
Q2633124,AM42631
Q2635158,AM42703
Q2667474,AM42704
Q2670831,AM42632
Q2704093,AM42705
Q2744988,AM28599
Q2748708,AM27808
Q2811818,AM42707
Q2815472,AM27257
Q2826229,AM42541
Q2839628,AM28194
Q2842201,AM42709
Q2852016,AM42748
Q2886278,AM43098
Q2909446,AM42576
Q2911414,AM43046
Q2918454,AM42710
Q2920526,AM42711
Q3006706,AM42714
Q3006708,AM42715
Q3007470,AM42579
Q3026693,AM42716
Q3032396,AM42717
Q3043529,AM42885
Q3053269,AM24561
Q3053271,AM24558
Q3053276,AM23323
Q3063552,AM42820
Q3073537,AM42772
Q3079213,AM42767
Q3098938,AM42888
Q3108185,AM42889
Q3114993,AM42773
Q3117285,AM42890
Q3119146,AM42891
Q3120811,AM28601
Q3137989,AM24374
Q3216325,AM42636
Q3236289,AM42637
Q3236732,AM42638
Q3319076,AM11417
Q3365353,AM28948
Q3366453,AM42718
Q3393738,AM192786
Q3399982,AM42719
Q3408764,AM42720
Q3414272,AM42721
Q3418784,AM42722
Q3422091,AM23789
Q3458428,AM43082
Q3485791,AM42724
Q3545916,AM42615
Q3591815,AM42727
Q3718891,AM42728
Q3720127,AM42729
Q3733063,AM27963
Q3734051,AM42730
Q3738649,AM42568
Q3921629,AM42654
Q3940476,AM26390
Q3979194,AM42734
Q3982810,AM42894
Q4119200,AM42898
Q4205363,AM43046
Q4214934,AM42900
Q4272591,AM42901
Q4347456,AM24051
Q4353903,AM42903
Q4354077,AM11670
Q4354291,AM42904
Q4389427,AM42905
Q4391842,AM42906
Q4405634,AM42907
Q4445036,AM42735
Q4462590,AM42736
Q4532311,AM42737
Q4652028,AM42738
Q4691908,AM42741
Q4725297,AM43011
Q4771070,AM43063
Q4789050,AM42744
Q4850939,AM42746
Q4851214,AM42749
Q4974228,AM11445
Q4976486,AM42910
Q5004697,AM42555
Q5004698,AM42556
Q5051092,AM42911
Q5089933,AM42913
Q5128246,AM27841
Q5148287,AM42915
Q5184702,AM42916
Q5249513,AM27892
Q5291089,AM42917
Q5326669,AM25011
Q5326819,AM42918
Q5384797,AM42920
Q5402282,AM42921
Q5440578,AM42922
Q5464871,AM23949
Q5492123,AM42776
Q5502314,AM42558
Q5528620,AM42923
Q5551920,AM25649
Q5579119,AM42927
Q5598997,AM42928
Q5599571,AM42929
Q5685145,AM42930
Q5715479,AM42747
Q5775348,AM42931
Q5775982,AM42932
Q5776014,AM42933
Q5848654,AM24422
Q5867095,AM42935
Q5870873,AM42936
Q5884356,AM23813
Q5887665,AM42909
Q5900456,AM43064
Q5902089,AM42777
Q5902092,AM42778
Q5902095,AM42779
Q5919006,AM42780
Q5964167,AM42937
Q5990386,AM42938
Q6017754,AM42939
Q6022230,AM42781
Q6050785,AM42941
Q6052526,AM43318
Q6067278,AM42942
Q6073099,AM27841
Q6093129,AM353937
Q6102778,AM42945
Q6106068,AM42621
Q6111354,AM25403
Q6132010,AM42946
Q6461465,AM42950
Q6495224,AM25043
Q6497916,AM42951
Q6563843,AM42953
Q6647910,AM24667
Q6773534,AM42958
Q6844346,AM42959
Q6889004,AM43106
Q6904346,AM42960
Q7131604,AM42969
Q7201622,AM42575
Q7239564,AM42971
Q7256213,AM42972
Q7258448,AM23579
Q7300744,AM42973
Q7351999,AM42975
Q7361934,AM43099
Q7398819,AM42976
Q7403398,AM25907
Q7463501,AM23060
Q7626770,AM28807
Q7635437,AM42979
Q7643251,AM42980
Q7835421,AM353951
Q7851298,AM25964
Q7853205,AM42783
Q7884900,AM23922
Q7888455,AM42594
Q7970144,AM42984
Q9067497,AM42574
Q9721810,AM24748
Q9726365,AM24751
Q10344299,AM43059
Q10344301,AM42785
Q10344302,AM43103
Q10356223,AM42786
Q10380459,AM42602
Q10710179,AM26227
Q10756408,AM42804
Q10889955,AM42807
Q10904438,AM42641
Q10914393,AM23294
Q11077566,AM42810
Q11088318,AM42566
Q11171589,AM42823
Q11319920,AM42827
Q11358452,AM27740
Q11512277,AM42761
Q11512279,AM42762
Q11512280,AM42763
Q11512282,AM42764
Q11512305,AM42765
Q11587274,AM353952
Q11596055,AM25009
Q11607084,AM26689
Q11649798,AM353938
Q11689957,AM42647
Q11797081,AM24075
Q11869173,AM353945
Q11942937,AM495
Q12019595,AM42656
Q12056948,AM22934
Q12057021,AM11413
Q12060881,AM42572
Q12407079,AM25883
Q12410918,AM42665
Q12411956,AM28594
Q12512885,AM42667
Q12512901,AM42668
Q12642600,AM23232
Q12829866,AM353946
Q12903986,AM42857
Q13127618,AM25964
Q13400700,AM26225
Q13403037,AM42605
Q13426199,AM25067
Q13474305,AM42606
Q13577667,AM27033
Q13581596,AM42584
Q15155713,AM42540
Q15238138,AM28588
Q15241296,AM42624
Q15782728,AM23229
Q15843470,AM43089
Q16141502,AM42672
Q16147990,AM43092
Q16242342,AM23470
Q16427214,AM42673
Q16473331,AM42674
Q16481442,AM42675
Q16501698,AM42552
Q16501700,AM28189
Q16515371,AM42471
Q16530848,AM27115
Q16582109,AM42628
Q16599185,AM42629
Q16672352,AM42604
Q16835335,AM27964
Q16933857,AM43062
Q16956210,AM42866
Q16961997,AM42867
Q17017613,AM42868
Q17018514,AM42577
Q17023867,AM42578
Q17023868,AM42579
Q17025491,AM25043
Q17054964,AM42586
Q17069369,AM42559
Q17074103,AM43077
Q17134047,AM43080
Q17150160,AM42588
Q17163519,AM42869
Q17175310,AM28280
Q17229832,AM42870
Q17302295,AM42551
Q17500081,AM42872
Q17628394,AM42564
Q17633271,AM42598
Q17990555,AM24410
Q18220961,AM42599
Q18354756,AM42676
Q18749644,AM42681
Q18815536,AM42682
Q19359745,AM42683
Q19903299,AM25918
Q19960681,AM26300
Q20686866,AM43103
Q20716233,AM24793
Q20716241,AM24798
Q20892092,AM42770
Q20972086,AM28130
Q22137200,AM43116
Q22249114,AM42643
Q22809362,AM23899
Q22948607,AM23229
Q23019825,AM42687
Q23019957,AM42688
Q23020011,AM42689
Q23020015,AM42690
Q23020043,AM42691
Q23020227,AM42692
Q23020295,AM42693
Q23020471,AM42694
Q23020524,AM42695
Q23020646,AM42696
Q23020738,AM42697
Q23579307,AM42881
Q24068069,AM11504
Q24089696,AM42642
Q24175642,AM25914
Q24841657,AM42565
Q24900613,AM42592
Q25047678,AM42699
Q25047681,AM42700
Q25080086,AM42701
Q25487979,AM42702
Q26048811,AM43060
Q26234937,AM42630
Q27951676,AM43078
Q28035401,AM42706
Q28173769,AM23039
Q28220376,AM42708
Q28224721,AM25670
Q29297050,AM25986
Q29297151,AM25985
Q29297301,AM25980
Q29921652,AM42713
Q30607628,AM24591
Q30686878,AM42887
Q30942383,AM11444
Q39501433,AM42733
Q40084009,AM42895
Q40098903,AM42896
Q40101351,AM42897
Q48698720,AM28948
Q48745992,AM42750
Q50374693,AM22981
Q53997988,AM478
Q55622876,AM24591
Q55780155,AM42926
Q57449805,AM25709
Q58178441,AM42587
Q58331691,AM42622
Q60259056,AM42545
Q60435129,AM42940
Q60833580,AM42943
Q61704160,AM42947
Q62016685,AM42948
Q62609017,AM27577
Q65122495,AM42952
Q65952801,AM42954
Q66179705,AM23259
Q66662399,AM42956
Q67587307,AM42957
Q75483187,AM42977
Q76308430,AM192789
Q76763362,AM42981
Q81079873,AM27705
Q81274644,AM42986
Q85749727,AM42766
Q85754596,AM42991
Q86005745,AM42992
Q87600828,AM25373
Q87601511,AM25374
Q87601756,AM25348
Q87602096,AM25292
Q87602463,AM25377
Q87602467,AM25378
Q87603363,AM25379
Q88002239,AM22981
Q92136810,AM42998
Q92560624,AM42999
Q92851113,AM43000
Q93693205,AM43001
Q94394406,AM43003
Q96954129,AM43004
Q97317283,AM24440
Q97317435,AM24440
Q97317547,AM24398
Q97317573,AM24397
Q97495377,AM43005
Q98270788,AM42466
Q98270798,AM23857
Q98270839,AM24440
Q98270886,AM43065
Q98270938,AM42542
Q98270989,AM43094
Q98271051,AM43008
Q98271225,AM23847
Q98277990,AM27062
Q98776204,AM24544
Q98872447,AM25049
Q98930164,AM43066
Q99299757,AM25708
Q99299840,AM26726
Q99299898,AM27038
Q99299906,AM27039
Q99456269,AM11441
Q99481212,AM26867
Q99481240,AM26866
Q99481245,AM23089
Q99743261,AM353939
Q102596055,AM42784
Q104245387,AM459
Q104637301,AM25227
Q104784024,AM43076
Q104850170,AM42788
Q104865858,AM43012
Q104875950,AM42789
Q104879848,AM42790
Q104880360,AM42791
Q105747873,AM42581
Q106092963,AM42792
Q106312111,AM42793
Q107015186,AM42794
Q107015194,AM42795
Q107015204,AM42796
Q107015308,AM42797
Q107015312,AM42798
Q107015315,AM42799
Q107015667,AM42800
Q107015670,AM42801
Q107015673,AM42802
Q107124759,AM42803
Q107422155,AM24443
Q108064585,AM25365
Q108394191,AM42805
Q108679079,AM42550
Q108693131,AM43130
Q108757228,AM42806
Q108807658,AM42759
Q109384761,AM27042
Q109386511,AM27040
Q109561760,AM42760
Q109690583,AM42639
Q109827877,AM11698
Q110050955,AM42640
Q110209550,AM27032
Q110209565,AM27139
Q110830591,AM353947
Q110849559,AM42812
Q110896003,AM42813
Q110987284,AM42815
Q111142852,AM42816
Q111146040,AM43106
Q111220073,AM42817
Q111240702,AM353943
Q111240714,AM353948
Q111350242,AM28948
Q111535892,AM353944
Q111585844,AM42818
Q111601268,AM42819
Q111668539,AM42820
Q111699479,AM42821
Q111699632,AM42822
Q111740735,AM43100
Q111787406,AM353940
Q111787410,AM353941
Q112055709,AM42619
Q112062660,AM42824
Q112628480,AM24451
Q112801421,AM42826
Q113192807,AM353942
Q113483592,AM42828
Q113494684,AM42829
Q113503179,AM42830
Q113503202,AM42831
Q113530618,AM42832
Q113851097,AM28819
Q113995895,AM25006
Q114434870,AM43363
Q114866998,AM26845
Q114867307,AM23269
Q114867342,AM42620
Q114867465,AM27141
Q114867907,AM27863
Q114868851,AM27103
Q114868885,AM27068
Q114868919,AM23232
Q114869008,AM23228
Q114869081,AM23294
Q114869307,AM27123
Q114877775,AM23295
Q114877788,AM23284
Q114877803,AM27845
Q114877809,AM27844
Q114877817,AM27843
Q114877825,AM27842
Q115284998,AM42745
Q115664693,AM24640
Q115667399,AM23269
Q116604295,AM42646
Q116796374,AM27848
Q116884578,AM26391
Q117089833,AM42648
Q117326694,AM27062
Q117336820,AM42649
Q117743452,AM42650
Q118875925,AM42651
Q118897772,AM42652
Q119137625,AM42653
Q120302114,AM43058
Q120754706,AM43090
Q122204616,AM26298
Q123399156,AM26725
Q123399371,AM26727
Q123399402,AM26728
Q123399444,AM26724
Q123413965,AM42659
Q123437228,AM43104
Q123437424,AM43104
Q123437479,AM43068
Q123438122,AM43069
Q123483102,AM42660
Q123483117,AM42661
Q123483120,AM42662
Q123483124,AM42663
Q123483126,AM42664
Q123741719,AM43015
Q123909218,AM43071
Q123910977,AM43105
Q123911600,AM43073
Q123915981,AM43105
Q123917199,AM43074
Q123918334,AM43075
Q124030889,AM26751
Q124355469,AM43067
Q124413129,AM43070
Q124788927,AM42666
Q124867091,AM43104
Q125350955,AM43072
Q125475226,AM42669
Q125490801,AM42670
Q125510349,AM43025
Q126192731,AM42768
Q126365312,AM42836
Q126365320,AM42837
Q126949076,AM42840
Q126949104,AM42841
Q126949145,AM42842
Q126949174,AM42843
Q126949230,AM42547
Q126949309,AM42894
Q126949384,AM25670
Q126949584,AM42845
Q126951002,AM42846
Q126951135,AM42847
Q126951168,AM42848
Q126951228,AM42849
Q127232909,AM42850
Q127236578,AM42531
Q127240677,AM42851
Q127246801,AM42852
Q127345422,AM42853
Q127421508,AM42854
Q127474977,AM42855
Q127475767,AM42856
Q130384322,AM42858
Q130393477,AM42859
Q130394187,AM42860
Q130480279,AM24051
Q130480495,AM27841
Q130489375,AM42861
Q130598326,AM42862
Q130604420,AM42863
Q130619333,AM42864
Q138711777,AM351298
Q138711791,AM351949
Q138711795,AM352060
Q138711799,AM352171
Q138711810,AM352282
Q138711811,AM352393
Q138711815,AM352504
Q138711821,AM351299
Q138711826,AM351410
Q138711875,AM351521
Q138711876,AM351632
Q138711877,AM351743
Q138711878,AM351783
Q138711879,AM351794
Q138711880,AM354406
Q138711881,AM351805
Q138711882,AM354407
Q138711883,AM351816
Q138711884,AM42354
Q138711885,AM351839
Q138711887,AM351850
Q138711888,AM354572
Q138711889,AM351872
Q138711890,AM351883
Q138711891,AM351894
Q138711892,AM351905
Q138711893,AM351916
Q138711894,AM351927
Q138711895,AM351938
Q138711896,AM351950
Q138711897,AM351972
Q138711898,AM351994
Q138711899,AM352005
Q138711900,AM352016
Q138711901,AM352027
Q138711902,AM352038
Q138711903,AM352049
Q138711904,AM352061
Q138711905,AM352072
Q138711906,AM352083
Q138711907,AM352094
Q138711908,AM352105
Q138711909,AM352116
Q138711910,AM352127
Q138711911,AM352138
Q138711912,AM352160
Q138711913,AM352172
Q138711914,AM352183
Q138711915,AM352205
Q138711916,AM352216
Q138711917,AM352227
Q138711918,AM352238
Q138711919,AM352249
Q138711920,AM352260
Q138711921,AM352271
Q138711923,AM352283
Q138711924,AM352294
Q138711925,AM352305
Q138711926,AM352316
Q138711927,AM352327
Q138711928,AM352338
Q138711929,AM352349
Q138711930,AM352360
Q138711931,AM352371
Q138711932,AM354408
Q138711933,AM352382
Q138711934,AM352394
Q138711935,AM354409
Q138711936,AM352405
Q138711937,AM354410
Q138711938,AM352416
Q138711939,AM352427
Q138711940,AM352438
Q138711941,AM352449
Q138711942,AM352460
Q138711943,AM352471
Q138711944,AM352482
Q138711945,AM352493
Q138711946,AM352505
Q138711947,AM352516
Q138711948,AM354411
Q138711949,AM352527
Q138711950,AM352538
Q138711951,AM352549
Q138711952,AM352560
Q138711953,AM352571
Q138711954,AM352582
Q138711955,AM352593
Q138711956,AM352604
Q138711957,AM352616
Q138711958,AM352627
Q138711959,AM352638
Q138711960,AM352649
Q138711961,AM352660
Q138711962,AM352671
Q138711963,AM352682
Q138711964,AM352693
Q138711965,AM352704
Q138711966,AM23987
Q138711967,AM351300
Q138711968,AM351311
Q138711969,AM351322
Q138711970,AM351333
Q138711971,AM351344
Q138711973,AM351355
Q138711974,AM351366
Q138711975,AM351377
Q138711978,AM351388
Q138711979,AM351399
Q138711980,AM351633
Q138711981,AM351655
Q138711982,AM351677
Q138711983,AM351688
Q138711984,AM351710
Q138711985,AM351721
Q138711986,AM351732
Q138711987,AM351744
Q138711988,AM351755
Q138711989,AM351766
Q138711990,AM351776
Q138711991,AM351777
Q138711992,AM354413
Q138711993,AM351778
Q138711994,AM351779
Q138711995,AM351780
Q138711996,AM351781
Q138711997,AM351782
Q138711998,AM351784
Q138711999,AM351785
Q138712000,AM351786
Q138712001,AM351787
Q138712002,AM351788
Q138712003,AM23989
Q138712004,AM351789
Q138712005,AM351790
Q138712006,AM351791
Q138712007,AM351792
Q138712008,AM339129
Q138712009,AM351793
Q138712010,AM351795
Q138712011,AM351796
Q138712012,AM351797
Q138712013,AM351798
Q138712014,AM351800
Q138712015,AM351801
Q138712016,AM354486
Q138712017,AM351802
Q138712018,AM23990
Q138712019,AM351803
Q138712020,AM351804
Q138712021,AM354414
Q138712022,AM351806
Q138712023,AM351807
Q138712025,AM351808
Q138712026,AM351809
Q138712027,AM351810
Q138712028,AM351811
Q138712029,AM351812
Q138712030,AM351813
Q138712031,AM42357
Q138712032,AM351815
Q138712033,AM42359
Q138712034,AM353769
Q138712035,AM42360
Q138712036,AM339126
Q138712037,AM351817
Q138712038,AM351818
Q138712039,AM351819
Q138712040,AM351820
Q138712041,AM351821
Q138712042,AM351822
Q138712043,AM351823
Q138712045,AM351824
Q138712046,AM351825
Q138712047,AM351826
Q138712048,AM23991
Q138712049,AM351828
Q138712050,AM351829
Q138712051,AM351830
Q138712052,AM351831
Q138712053,AM351832
Q138712055,AM351833
Q138712056,AM24114
Q138712057,AM351834
Q138712058,AM351835
Q138712059,AM351836
Q138712060,AM351837
Q138712061,AM351840
Q138712062,AM351841
Q138712063,AM351842
Q138712064,AM351843
Q138712065,AM351844
Q138712066,AM351845
Q138712067,AM351846
Q138712068,AM351847
Q138712069,AM351848
Q138712070,AM351849
Q138712071,AM351852
Q138712072,AM351854
Q138712073,AM351878
Q138712074,AM351880
Q138712075,AM351882
Q138712076,AM351884
Q138712077,AM351885
Q138712078,AM351886
Q138712079,AM351888
Q138712080,AM351890
Q138712081,AM351891
Q138712082,AM351892
Q138712083,AM351893
Q138712084,AM23994
Q138712085,AM351896
Q138712086,AM351897
Q138712088,AM351898
Q138712089,AM351899
Q138712090,AM353755
Q138712091,AM351900
Q138712092,AM351901
Q138712093,AM351902
Q138712094,AM351903
Q138712095,AM351904
Q138712096,AM351906
Q138712097,AM351907
Q138712098,AM351908
Q138712099,AM351909
Q138712136,AM351411
Q138712137,AM351422
Q138712138,AM351433
Q138712139,AM351444
Q138712140,AM351455
Q138712141,AM351466
Q138712142,AM351477
Q138712143,AM354412
Q138712144,AM351488
Q138712145,AM351499
Q138712146,AM351510
Q138712147,AM351522
Q138712148,AM351533
Q138712149,AM351544
Q138712150,AM351555
Q138712151,AM351566
Q138712152,AM351588
Q138712153,AM351599
Q138712154,AM351610
Q138712155,AM351621
Q138712156,AM351644
Q138712157,AM351666
Q138712158,AM351699
Q138712159,AM351853
Q138712160,AM351855
Q138712161,AM351857
Q138712162,AM351858
Q138712163,AM351859
Q138712164,AM351860
Q138712165,AM351862
Q138712166,AM351863
Q138712167,AM351864
Q138712168,AM351865
Q138712169,AM351866
Q138712170,AM351867
Q138712171,AM351870
Q138712172,AM351871
Q138712173,AM351873
Q138712174,AM351874
Q138712175,AM351876
Q138712176,AM351877
Q138712177,AM351879
Q138712178,AM351881
Q138712179,AM351887
Q138712187,AM351910
Q138712188,AM351911
Q138712189,AM351912
Q138712190,AM351913
Q138712191,AM351914
Q138712192,AM351917
Q138712193,AM351918
Q138712194,AM351919
Q138712195,AM351920
Q138712196,AM351921
Q138712197,AM351922
Q138712198,AM351923
Q138712199,AM351924
Q138712200,AM351925
Q138712201,AM24105
Q138712202,AM24103
Q138712203,AM24106
Q138712204,AM351926
Q138712205,AM351928
Q138712206,AM23995
Q138712207,AM354538
Q138712208,AM351930
Q138712209,AM351931
Q138712210,AM351932
Q138712211,AM351933
Q138712212,AM351934
Q138712213,AM351935
Q138712214,AM351936
Q138712215,AM351937
Q138712216,AM351940
Q138712217,AM351941
Q138712218,AM351942
Q138712219,AM351943
Q138712220,AM23997
Q138712221,AM351944
Q138712222,AM351945
Q138712223,AM351946
Q138712224,AM351947
Q138712225,AM351948
Q138712226,AM351951
Q138712227,AM351952
Q138712228,AM24060
Q138712229,AM351953
Q138712230,AM351954
Q138712231,AM351955
Q138712232,AM351956
Q138712233,AM351957
Q138712234,AM351958
Q138712235,AM351959
Q138712236,AM354415
Q138712237,AM24113
Q138712238,AM24109
Q138712239,AM351960
Q138712240,AM351962
Q138712241,AM351963
Q138712242,AM351964
Q138712243,AM351965
Q138712244,AM351966
Q138712245,AM351967
Q138712246,AM351968
Q138712247,AM351969
Q138712248,AM354589
Q138712249,AM351970
Q138712250,AM351971
Q138712251,AM351973
Q138712252,AM351974
Q138712253,AM351976
Q138712254,AM351977
Q138712255,AM351978
Q138712256,AM351979
Q138712257,AM351980
Q138712258,AM351981
Q138712259,AM354416
Q138712261,AM351982
Q138712262,AM351984
Q138712263,AM351985
Q138712264,AM351986
Q138712265,AM351987
Q138712266,AM351988
Q138712267,AM351989
Q138712269,AM351990
Q138712270,AM24000
Q138712271,AM351991
Q138712272,AM351992
Q138712273,AM351993
Q138712275,AM351995
Q138712276,AM351996
Q138712277,AM42363
Q138712278,AM351997
Q138712279,AM351998
Q138712280,AM351999
Q138712281,AM352000
Q138712282,AM352001
Q138712283,AM352002
Q138712284,AM352003
Q138712285,AM352004
Q138712286,AM352006
Q138712287,AM352007
Q138712288,AM352008
Q138712289,AM352009
Q138712290,AM352010
Q138712291,AM352011
Q138712292,AM352012
Q138712293,AM352013
Q138712294,AM352014
Q138712295,AM353775
Q138712296,AM352015
Q138712297,AM352017
Q138712298,AM352018
Q138712300,AM352019
Q138712301,AM352020
Q138712302,AM352021
Q138712303,AM352022
Q138712304,AM352023
Q138712305,AM352024
Q138712306,AM352025
Q138712307,AM352026
Q138712308,AM352028
Q138712309,AM352029
Q138712310,AM352030
Q138712311,AM352032
Q138712312,AM352033
Q138712313,AM352034
Q138712314,AM352035
Q138712315,AM352036
Q138712316,AM352037
Q138712317,AM352039
Q138712318,AM352040
Q138712319,AM352041
Q138712320,AM352042
Q138712321,AM352043
Q138712322,AM352044
Q138712323,AM352045
Q138712324,AM352046
Q138712325,AM352047
Q138712326,AM352048
Q138712327,AM352051
Q138712328,AM339137
Q138712329,AM339138
Q138712330,AM352052
Q138712331,AM352053
Q138712332,AM352054
Q138712333,AM352055
Q138712334,AM352056
Q138712335,AM352057
Q138712336,AM352058
Q138712337,AM352059
Q138712338,AM352062
Q138712339,AM352063
Q138712340,AM354598
Q138712341,AM352064
Q138712342,AM24002
Q138712343,AM352065
Q138712344,AM24003
Q138712345,AM352066
Q138712346,AM352067
Q138712347,AM354417
Q138712348,AM352068
Q138712349,AM352069
Q138712350,AM352070
Q138712352,AM352071
Q138712353,AM352073
Q138712354,AM352074
Q138712355,AM352075
Q138712356,AM352076
Q138712357,AM352077
Q138712358,AM352078
Q138712359,AM24004
Q138712360,AM352081
Q138712361,AM352082
Q138712362,AM352084
Q138712363,AM352085
Q138712364,AM352086
Q138712365,AM352087
Q138712366,AM352088
Q138712367,AM352089
Q138712368,AM352090
Q138712369,AM352091
Q138712370,AM352093
Q138712371,AM352095
Q138712372,AM352096
Q138712373,AM352097
Q138712374,AM352098
Q138712375,AM352099
Q138712376,AM352100
Q138712377,AM354418
Q138712378,AM352101
Q138712379,AM352102
Q138712380,AM353718
Q138712381,AM352103
Q138712382,AM352104
Q138712383,AM352106
Q138712384,AM352107
Q138712385,AM352108
Q138712386,AM352109
Q138712387,AM352110
Q138712388,AM352111
Q138712389,AM352112
Q138712390,AM352113
Q138712391,AM352114
Q138712392,AM352115
Q138712393,AM352117
Q138712394,AM353269
Q138712395,AM352118
Q138712396,AM339141
Q138712397,AM353274
Q138712398,AM352120
Q138712400,AM352121
Q138712401,AM352122
Q138712402,AM352123
Q138712403,AM352124
Q138712404,AM352129
Q138712405,AM352134
Q138712406,AM352136
Q138712407,AM24061
Q138712408,AM354601
Q138712409,AM352137
Q138712410,AM352139
Q138712411,AM354602
Q138712412,AM353773
Q138712413,AM352140
Q138712414,AM352141
Q138712416,AM352142
Q138712417,AM352143
Q138712418,AM354419
Q138712419,AM352144
Q138712420,AM352145
Q138712421,AM352146
Q138712422,AM352147
Q138712423,AM352148
Q138712424,AM352150
Q138712425,AM353716
Q138712426,AM352151
Q138712427,AM352152
Q138712429,AM352153
Q138712430,AM42372
Q138712431,AM352154
Q138712432,AM24112
Q138712433,AM352155
Q138712434,AM352156
Q138712435,AM363261
Q138712436,AM363262
Q138712437,AM352157
Q138712459,AM352125
Q138712460,AM352126
Q138712461,AM352128
Q138712462,AM352130
Q138712463,AM352131
Q138712464,AM352132
Q138712465,AM352135
Q138712573,AM352158
Q138712574,AM352159
Q138712575,AM339122
Q138712577,AM354420
Q138712578,AM352161
Q138712579,AM352162
Q138712580,AM352163
Q138712581,AM354421
Q138712582,AM352164
Q138712583,AM352165
Q138712584,AM352166
Q138712585,AM352167
Q138712586,AM352168
Q138712587,AM352169
Q138712588,AM352170
Q138712589,AM352173
Q138712591,AM354422
Q138712592,AM352175
Q138712593,AM352176
Q138712594,AM352177
Q138712595,AM352178
Q138712596,AM352179
Q138712597,AM352180
Q138712598,AM352181
Q138712599,AM352182
Q138712600,AM352184
Q138712601,AM352185
Q138712602,AM352186
Q138712603,AM354607
Q138712604,AM354608
Q138712605,AM352187
Q138712606,AM354609
Q138712607,AM354610
Q138712608,AM352188
Q138712609,AM352189
Q138712610,AM352190
Q138712612,AM352191
Q138712613,AM352192
Q138712614,AM352193
Q138712615,AM352195
Q138712616,AM352196
Q138712617,AM352197
Q138712618,AM354611
Q138712619,AM352198
Q138712620,AM352199
Q138712621,AM352200
Q138712622,AM352201
Q138712623,AM24007
Q138712624,AM352203
Q138712625,AM352204
Q138712626,AM352206
Q138712627,AM352207
Q138712628,AM352208
Q138712629,AM24008
Q138712630,AM352209
Q138712631,AM352210
Q138712632,AM352211
Q138712633,AM352212
Q138712634,AM352213
Q138712635,AM352214
Q138712636,AM352215
Q138712637,AM352217
Q138712638,AM352218
Q138712639,AM352219
Q138712640,AM352220
Q138712641,AM352221
Q138712642,AM352222
Q138712643,AM352223
Q138712644,AM352224
Q138712645,AM352225
Q138712646,AM352226
Q138712647,AM352228
Q138712648,AM352229
Q138712649,AM352230
Q138712650,AM352231
Q138712651,AM352232
Q138712652,AM352233
Q138712653,AM352234
Q138712654,AM352235
Q138712655,AM352236
Q138712656,AM352237
Q138712657,AM352239
Q138712658,AM352240
Q138712659,AM352241
Q138712660,AM352242
Q138712661,AM352243
Q138712663,AM352244
Q138712664,AM352245
Q138712666,AM352246
Q138712667,AM363264
Q138712668,AM352247
Q138712669,AM352248
Q138712671,AM352250
Q138712672,AM352251
Q138712673,AM352252
Q138712675,AM352253
Q138712676,AM352254
Q138712677,AM352256
Q138712678,AM352257
Q138712680,AM352258
Q138712681,AM352259
Q138712682,AM354615
Q138712683,AM352261
Q138712684,AM352262
Q138712685,AM352263
Q138712686,AM352264
Q138712688,AM352265
Q138712689,AM352266
Q138712690,AM352267
Q138712691,AM352268
Q138712693,AM352269
Q138712694,AM352270
Q138712695,AM363267
Q138712697,AM354483
Q138712698,AM352272
Q138712699,AM354616
Q138712700,AM352273
Q138712701,AM354617
Q138712702,AM352274
Q138712703,AM354618
Q138712704,AM352275
Q138712705,AM352276
Q138712706,AM352277
Q138712707,AM352278
Q138712708,AM352279
Q138712709,AM352280
Q138712711,AM352281
Q138712712,AM352284
Q138712713,AM352285
Q138712714,AM352286
Q138712715,AM339131
Q138712717,AM352287
Q138712718,AM352288
Q138712719,AM352289
Q138712720,AM352290
Q138712721,AM352291
Q138712722,AM352292
Q138712723,AM352293
Q138712724,AM352295
Q138712726,AM352296
Q138712727,AM352298
Q138712728,AM42378
Q138712730,AM352300
Q138712731,AM352301
Q138712732,AM352302
Q138712733,AM352303
Q138712734,AM352304
Q138712735,AM352306
Q138712736,AM352307
Q138712737,AM352308
Q138712738,AM352309
Q138712739,AM352310
Q138712740,AM352311
Q138712741,AM352312
Q138712742,AM352313
Q138712743,AM352314
Q138712745,AM352315
Q138712746,AM352317
Q138712747,AM352318
Q138712748,AM352320
Q138712749,AM352321
Q138712750,AM352324
Q138712751,AM24011
Q138712753,AM352328
Q138712754,AM352329
Q138712755,AM352334
Q138712756,AM354423
Q138712758,AM352337
Q138712759,AM352339
Q138712760,AM352340
Q138712761,AM352342
Q138712762,AM352344
Q138712763,AM352348
Q138712764,AM339123
Q138712766,AM352350
Q138712767,AM352351
Q138712768,AM352352
Q138712769,AM352354
Q138712770,AM352355
Q138712771,AM352356
Q138712772,AM24108
Q138712773,AM352358
Q138712774,AM352359
Q138712775,AM42382
Q138712776,AM42383
Q138712777,AM352363
Q138712779,AM352365
Q138712780,AM352367
Q138712781,AM352370
Q138712782,AM352376
Q138712783,AM352379
Q138712784,AM352380
Q138712785,AM352381
Q138712786,AM352383
Q138712787,AM354492
Q138712788,AM42384
Q138712789,AM42385
Q138712790,AM353767
Q138712792,AM354625
Q138712793,AM352387
Q138712794,AM352388
Q138712795,AM352391
Q138712796,AM354626
Q138712797,AM24012
Q138712798,AM352401
Q138712800,AM354488
Q138712801,AM42386
Q138712802,AM42388
Q138712803,AM352403
Q138712804,AM42389
Q138712805,AM352404
Q138712806,AM352406
Q138712807,AM352407
Q138712808,AM352408
Q138712809,AM352409
Q138712810,AM354729
Q138712811,AM352410
Q138712812,AM352414
Q138712813,AM42396
Q138712814,AM352422
Q138712815,AM42397
Q138712816,AM353788
Q138712819,AM42399
Q138712820,AM354424
Q138712821,AM352429
Q138712823,AM352430
Q138712824,AM352432
Q138712825,AM352433
Q138712826,AM354425
Q138712827,AM354523
Q138712828,AM42402
Q138712829,AM354491
Q138712830,AM352434
Q138712831,AM352435
Q138712832,AM352436
Q138712833,AM354541
Q138712834,AM352439
Q138712835,AM352440
Q138712836,AM352444
Q138712837,AM42405
Q138712838,AM352446
Q138712839,AM352450
Q138712840,AM352452
Q138712841,AM352453
Q138712842,AM352455
Q138712843,AM352458
Q138712844,AM352459
Q138712845,AM352461
Q138712846,AM352462
Q138712847,AM352466
Q138714973,AM352467
Q138714974,AM352468
Q138714975,AM24110
Q138714976,AM352475
Q138714977,AM352476
Q138714978,AM352477
Q138714979,AM352478
Q138714980,AM352480
Q138714981,AM352483
Q138714982,AM352486
Q138714984,AM352487
Q138714985,AM352490
Q138714986,AM352492
Q138714987,AM42406
Q138714988,AM352494
Q138714989,AM352495
Q138714990,AM352496
Q138714991,AM352497
Q138714992,AM352498
Q138714993,AM352499
Q138714994,AM42408
Q138714995,AM352501
Q138714996,AM352502
Q138714997,AM352503
Q138714998,AM352506
Q138714999,AM352508
Q138715000,AM352509
Q138715001,AM352512
Q138715002,AM352514
Q138715003,AM352515
Q138715004,AM352517
Q138715005,AM352520
Q138715006,AM352521
Q138715007,AM352522
Q138715008,AM352524
Q138715009,AM352526
Q138715010,AM352529
Q138715011,AM352530
Q138715012,AM352531
Q138715013,AM352532
Q138715014,AM352533
Q138715015,AM352534
Q138715016,AM352535
Q138715017,AM352536
Q138715018,AM352537
Q138715019,AM352540
Q138715020,AM352541
Q138715021,AM352544
Q138715022,AM352545
Q138715023,AM339124
Q138715024,AM352547
Q138715025,AM352548
Q138715026,AM352551
Q138715027,AM352552
Q138715028,AM352555
Q138715029,AM354644
Q138715030,AM352557
Q138715031,AM352558
Q138715032,AM352559
Q138715033,AM352562
Q138715034,AM352564
Q138715035,AM352565
Q138715036,AM352566
Q138715037,AM352567
Q138715038,AM352568
Q138715039,AM363274
Q138715040,AM24096
Q138715041,AM354426
Q138715042,AM352569
Q138715043,AM352570
Q138715044,AM352572
Q138715045,AM352573
Q138715046,AM352587
Q138715047,AM352579
Q138715048,AM352583
Q138715049,AM352584
Q138715051,AM352589
Q138715052,AM352590
Q138715053,AM354546
Q138715054,AM42413
Q138715055,AM42414
Q138715056,AM352594
Q138715057,AM352595
Q138715058,AM352596
Q138715059,AM352597
Q138715060,AM352598
Q138715061,AM352599
Q138715062,AM352600
Q138715063,AM352603
Q138715064,AM352607
Q138715066,AM354651
Q138715067,AM352644
Q138715068,AM352648
Q138715069,AM42416
Q138715070,AM352650
Q138715071,AM352651
Q138715072,AM23954
Q138715073,AM352652
Q138715074,AM352654
Q138715075,AM339140
Q138715076,AM352657
Q138715077,AM352665
Q138715078,AM352662
Q138715079,AM352664
Q138715080,AM352667
Q138715081,AM352668
Q138715082,AM352669
Q138715083,AM352670
Q138715084,AM352672
Q138715085,AM352678
Q138715086,AM352679
Q138715087,AM352681
Q138715088,AM352683
Q138715089,AM352684
Q138715090,AM363278
Q138715091,AM363279
Q138715092,AM352690
Q138715093,AM352691
Q138715094,AM354427
Q138715095,AM352692
Q138715096,AM352694
Q138715097,AM352696
Q138715098,AM339139
Q138715099,AM352698
Q138715100,AM352699
Q138715101,AM352701
Q138715102,AM352706
Q138715103,AM352708
Q138715104,AM352709
Q138715105,AM352716
Q138715106,AM363281
Q138715107,AM352719
Q138715108,AM352720
Q138715110,AM352721
Q138715111,AM352722
Q138715112,AM352724
Q138715113,AM352725
Q138715114,AM351301
Q138715115,AM42421
Q138715116,AM339145
Q138715117,AM339144
Q138715118,AM339146
Q138715119,AM351303
Q138715120,AM351305
Q138715121,AM351307
Q138715122,AM351308
Q138715123,AM351309
Q138715124,AM351310
Q138715125,AM351312
Q138715126,AM351313
Q138715127,AM351315
Q138715128,AM351316
Q138715129,AM351317
Q138715130,AM351318
Q138715131,AM351319
Q138715132,AM351320
Q138715133,AM24022
Q138715135,AM351326
Q138715136,AM351327
Q138715137,AM351328
Q138715138,AM351329
Q138715140,AM351330
Q138715141,AM363284
Q138715142,AM351334
Q138715143,AM351336
Q138715144,AM351337
Q138715145,AM351339
Q138715146,AM24023
Q138715147,AM24024
Q138715148,AM23957
Q138715149,AM24026
Q138715150,AM24027
Q138715151,AM351342
Q138715152,AM351343
Q138715153,AM351345
Q138715154,AM351346
Q138715155,AM351348
Q138715156,AM354660
Q138715157,AM351349
Q138715159,AM351350
Q138715160,AM351372
Q138715161,AM351373
Q138715162,AM351374
Q138715163,AM351376
Q138715164,AM339130
Q138715165,AM351379
Q138715166,AM351380
Q138715167,AM351381
Q138715168,AM351383
Q138715169,AM351384
Q138715170,AM351385
Q138715171,AM351386
Q138715173,AM351387
Q138715174,AM351389
Q138715175,AM351390
Q138715176,AM351391
Q138715177,AM351392
Q138715178,AM351400
Q138715179,AM351402
Q138715180,AM351406
Q138715181,AM351408
Q138715182,AM24050
Q138715183,AM351409
Q138715184,AM351412
Q138715186,AM351415
Q138715187,AM351417
Q138715188,AM351418
Q138715189,AM351419
Q138715190,AM351420
Q138715191,AM351423
Q138715192,AM351425
Q138715193,AM351426
Q138715324,AM352611
Q138715325,AM352612
Q138715326,AM352617
Q138715327,AM352618
Q138715328,AM352619
Q138715329,AM24086
Q138715330,AM352620
Q138715331,AM352621
Q138715332,AM352622
Q138715333,AM339136
Q138715334,AM354649
Q138715335,AM352625
Q138715336,AM352626
Q138715337,AM352632
Q138715338,AM352642
Q138715339,AM354650
Q138715340,AM352687
Q138715341,AM352717
Q138715342,AM351356
Q138715343,AM351357
Q138715344,AM351359
Q138715345,AM351360
Q138715346,AM351361
Q138715347,AM351362
Q138715348,AM351364
Q138715349,AM351365
Q138715350,AM351367
Q138715351,AM351368
Q138715352,AM351369
Q138715353,AM24028
Q138715354,AM351370
Q138715355,AM351371
Q138715356,AM351378
Q138715359,AM339132
Q138715360,AM351393
Q138715361,AM351413
Q138715362,AM24029
Q138715363,AM351421
Q138715372,AM24098
Q138715373,AM24104
Q138715374,AM351431
Q138715375,AM351434
Q138715376,AM351435
Q138715377,AM351436
Q138715378,AM351438
Q138715379,AM351439
Q138715380,AM351440
Q138715381,AM351441
Q138715382,AM351442
Q138715383,AM351443
Q138715384,AM351445
Q138715385,AM351446
Q138715386,AM24032
Q138715387,AM351448
Q138715388,AM351450
Q138715389,AM351451
Q138715390,AM351453
Q138715391,AM24064
Q138715392,AM351457
Q138715393,AM351458
Q138715394,AM351459
Q138715395,AM351460
Q138715396,AM354667
Q138715397,AM351461
Q138715398,AM354668
Q138715399,AM351462
Q138715400,AM24046
Q138715401,AM351465
Q138715402,AM351467
Q138715403,AM351468
Q138715404,AM42427
Q138715405,AM42429
Q138715406,AM351471
Q138715408,AM351472
Q138715409,AM351474
Q138715410,AM351475
Q138715411,AM351476
Q138715412,AM351478
Q138715414,AM351479
Q138715415,AM351480
Q138715416,AM354672
Q138715417,AM351484
Q138715418,AM351489
Q138715419,AM339127
Q138715420,AM351490
Q138715421,AM351491
Q138715422,AM351493
Q138715423,AM351495
Q138715424,AM351496
Q138715425,AM351497
Q138715426,AM24117
Q138715427,AM351502
Q138715428,AM351504
Q138715429,AM351505
Q138715430,AM351507
Q138715431,AM351509
Q138715432,AM351511
Q138715433,AM351513
Q138715434,AM351514
Q138715435,AM351515
Q138715436,AM351516
Q138715437,AM351517
Q138715438,AM351518
Q138715439,AM351519
Q138715440,AM351520
Q138715441,AM351523
Q138715442,AM24063
Q138715443,AM24048
Q138715444,AM24035
Q138715445,AM353268
Q138715446,AM351524
Q138715447,AM24036
Q138715448,AM24037
Q138715449,AM351525
Q138715450,AM351527
Q138715451,AM24062
Q138715452,AM24065
Q138715453,AM351530
Q138715454,AM351531
Q138715455,AM351532
Q138715456,AM351536
Q138715457,AM351538
Q138715458,AM351539
Q138715459,AM351540
Q138715460,AM351541
Q138715461,AM354490
Q138715462,AM351543
Q138715463,AM351545
Q138715464,AM351546
Q138715465,AM351547
Q138715466,AM351549
Q138715467,AM351550
Q138715468,AM351553
Q138715469,AM351554
Q138715470,AM353763
Q138715471,AM42434
Q138715472,AM351557
Q138715473,AM351558
Q138715474,AM42435
Q138715475,AM351560
Q138715476,AM24094
Q138715477,AM354429
Q138715478,AM339133
Q138715479,AM24092
Q138715480,AM24107
Q138715482,AM24118
Q138715483,AM354677
Q138715484,AM351563
Q138715485,AM351564
Q138715486,AM351565
Q138715487,AM351567
Q138715488,AM351568
Q138715489,AM351569
Q138715490,AM351570
Q138715491,AM24115
Q138715492,AM24090
Q138715493,AM351572
Q138715494,AM351573
Q138715495,AM351575
Q138715496,AM351574
Q138715497,AM351576
Q138715498,AM351578
Q138715499,AM24039
Q138715501,AM351579
Q138715502,AM351580
Q138715503,AM42437
Q138715504,AM363290
Q138715505,AM351581
Q138715506,AM351582
Q138715507,AM351584
Q138715508,AM351586
Q138715509,AM351587
Q138715510,AM351589
Q138715511,AM351590
Q138715512,AM351592
Q138715513,AM354682
Q138715514,AM351595
Q138715515,AM351596
Q138715516,AM351597
Q138715517,AM351600
Q138715518,AM351602
Q138715519,AM351603
Q138715520,AM351604
Q138715521,AM351606
Q138715522,AM351607
Q138715523,AM351608
Q138715524,AM351609
Q138715525,AM351612
Q138715526,AM351613
Q138715527,AM351614
Q138715528,AM351622
Q138715529,AM351623
Q138715530,AM24088
Q138715531,AM351624
Q138715532,AM351625
Q138715536,AM351627
Q138715538,AM351628
Q138715540,AM351629
Q138715541,AM351636
Q138715543,AM351637
Q138715545,AM351638
Q138715546,AM351639
Q138715548,AM354430
Q138715549,AM351640
Q138715551,AM351641
Q138715553,AM351642
Q138715554,AM42442
Q138715556,AM351643
Q138715558,AM354431
Q138715559,AM354684
Q138715561,AM351648
Q138715563,AM351650
Q138715564,AM351651
Q138715566,AM351653
Q138715576,AM351654
Q138715584,AM351656
Q138715585,AM24041
Q138715586,AM24042
Q138715588,AM351657
Q138715589,AM351658
Q138715590,AM351659
Q138715591,AM351660
Q138715592,AM24116
Q138715593,AM351662
Q138715595,AM351664
Q138715596,AM354432
Q138715597,AM351667
Q138715598,AM24111
Q138715599,AM351668
Q138715600,AM351669
Q138715601,AM351671
Q138715602,AM351674
Q138715603,AM351675
Q138715604,AM351676
Q138715605,AM351678
Q138715606,AM24043
Q138715607,AM351680
Q138715608,AM351682
Q138715609,AM351683
Q138715610,AM351684
Q138715611,AM351685
Q138715612,AM351686
Q138715613,AM354685
Q138715614,AM351692
Q138715615,AM351693
Q138715616,AM351695
Q138715617,AM351696
Q138715618,AM24044
Q138715619,AM351700
Q138715620,AM351701
Q138715621,AM351702
Q138715622,AM351703
Q138715623,AM351707
Q138715624,AM351711
Q138715625,AM354433
Q138715626,AM351713
Q138715627,AM351714
Q138715628,AM351715
Q138715629,AM351717
Q138715630,AM351720
Q138715631,AM351722
Q138715632,AM351725
Q138715633,AM351726
Q138715634,AM351727
Q138715635,AM351728
Q138715636,AM351729
Q138715637,AM351730
Q138715638,AM351731
Q138715639,AM24045
Q138715640,AM351734
Q138715641,AM351736
Q138715642,AM24087
Q138715643,AM351737
Q138715644,AM351740
Q138715645,AM351748
Q138715646,AM351749
Q138715647,AM351752
Q138715648,AM351754
Q138715649,AM351756
Q138715650,AM351757
Q138715651,AM351758
Q138715652,AM351762
Q138715653,AM351764
Q138715654,AM351765
Q138715655,AM351767
Q138715656,AM351768
Q138715657,AM351769
Q138715658,AM351770
Q138715660,AM351774
Q138715661,AM351775
Q138717599,AM352474
Q138717600,AM352479
Q138717601,AM354637
Q138717602,AM352481
Q138717603,AM352484
Q138717604,AM352485
Q138717605,AM352488
Q138717606,AM352489
Q138717607,AM352491
Q138717608,AM42407
Q138717609,AM353714
Q138717611,AM352507
Q138717612,AM24015
Q138717614,AM351838
Q138717615,AM352510
Q138717617,AM352511
Q138717619,AM352513
Q138717622,AM352518
Q138717625,AM352519
Q138717626,AM352615
Q138717627,AM352523
Q138717629,AM352525
Q138717631,AM354551
Q138717632,AM352528
Q138717633,AM351861
Q138717637,AM352417
Q138717638,AM351335
Q138717639,AM351340
Q138717640,AM354659
Q138717641,AM351347
Q138717642,AM24013
Q138717644,AM42400
Q138717645,AM352426
Q138717646,AM351358
Q138717647,AM352431
Q138717648,AM42425
Q138717649,AM352437
Q138717650,AM351375
Q138717651,AM352441
Q138717652,AM352442
Q138717653,AM351382
Q138717654,AM352443
Q138717655,AM354665
Q138717656,AM353782
Q138717657,AM42426
Q138717658,AM352445
Q138717659,AM351395
Q138717661,AM352447
Q138717662,AM351396
Q138717663,AM352448
Q138717664,AM351397
Q138717665,AM352451
Q138717666,AM351398
Q138717667,AM354636
Q138717668,AM351401
Q138717669,AM352454
Q138717670,AM351403
Q138717671,AM352456
Q138717672,AM351404
Q138717673,AM352457
Q138717674,AM351405
Q138717675,AM23953
Q138717676,AM352463
Q138717677,AM352464
Q138717678,AM352465
Q138717679,AM352469
Q138717680,AM352470
Q138717681,AM352472
Q138717682,AM352473
Q138717683,AM351407
Q138717684,AM351414
Q138717685,AM351416
Q138717686,AM351424
Q138717687,AM351427
Q138717688,AM351428
Q138717689,AM23958
Q138717690,AM351430
Q138717691,AM351432
Q138717692,AM351437
Q138717693,AM23959
Q138717694,AM351447
Q138717695,AM351449
Q138717696,AM351452
Q138717697,AM351454
Q138717698,AM351463
Q138717701,AM351464
Q138717702,AM351469
Q138717703,AM351470
Q138717704,AM354670
Q138717705,AM351473
Q138717706,AM23960
Q138717707,AM351481
Q138717708,AM351482
Q138717709,AM351483
Q138717710,AM42430
Q138717711,AM351485
Q138717712,AM351486
Q138717713,AM351487
Q138717714,AM351492
Q138717715,AM351494
Q138717716,AM351498
Q138717717,AM351500
Q138717718,AM351501
Q138717719,AM351503
Q138717720,AM24034
Q138717721,AM351506
Q138717722,AM351508
Q138717723,AM351512
Q138717724,AM42431
Q138717725,AM351528
Q138717726,AM24038
Q138717727,AM351529
Q138717728,AM351534
Q138717729,AM351535
Q138717730,AM351537
Q138717731,AM351542
Q138717732,AM353753
Q138717733,AM351548
Q138717734,AM351551
Q138717735,AM351552
Q138717736,AM363288
Q138717737,AM351556
Q138717738,AM351559
Q138717739,AM351561
Q138717741,AM351562
Q138717742,AM363289
Q138717743,AM354678
Q138717744,AM351571
Q138717745,AM351583
Q138717746,AM351585
Q138717747,AM354680
Q138717748,AM42439
Q138717749,AM351591
Q138717750,AM351593
Q138717751,AM351594
Q138717752,AM351598
Q138717753,AM351601
Q138717754,AM351605
Q138717755,AM42440
Q138717756,AM351611
Q138717757,AM24040
Q138717758,AM351615
Q138717759,AM351616
Q138717760,AM351617
Q138717761,AM351618
Q138717762,AM351619
Q138717763,AM351620
Q138717764,AM351626
Q138717765,AM351630
Q138717766,AM351631
Q138717767,AM351634
Q138717768,AM351635
Q138717769,AM351645
Q138717770,AM351646
Q138717771,AM351647
Q138717772,AM339125
Q138717773,AM351649
Q138717774,AM351652
Q138717775,AM351661
Q138717776,AM339135
Q138717777,AM351663
Q138717779,AM351665
Q138717781,AM351670
Q138717782,AM351672
Q138717783,AM351673
Q138717784,AM351679
Q138717785,AM351681
Q138717786,AM351687
Q138717787,AM351689
Q138717788,AM42444
Q138717789,AM351691
Q138717790,AM354686
Q138717791,AM351694
Q138717792,AM351697
Q138717793,AM351698
Q138717794,AM351704
Q138717795,AM351705
Q138717796,AM351706
Q138717797,AM351708
Q138717798,AM351709
Q138717799,AM351712
Q138717800,AM351716
Q138717801,AM351718
Q138717802,AM351719
Q138717803,AM351723
Q138717804,AM351724
Q138717805,AM351733
Q138717806,AM354688
Q138717807,AM351735
Q138717808,AM351738
Q138717809,AM351739
Q138717810,AM351741
Q138717811,AM351742
Q138717812,AM351745
Q138717813,AM351746
Q138717814,AM351747
Q138717815,AM351750
Q138717816,AM351753
Q138717817,AM351759
Q138717818,AM351760
Q138717819,AM351763
Q138717820,AM351771
Q138717821,AM351772
Q138717822,AM351773
Q138717835,AM42355
Q138717836,AM351961
Q138717837,AM351983
Q138717838,AM352149
Q138717839,AM353754
Q138717840,AM352715
Q138717841,AM23940
Q138717842,AM353779
Q138717843,AM339142
Q138717844,AM42356
Q138717845,AM353719
Q138717846,AM354576
Q138717847,AM351799
Q138717848,AM23992
Q138717849,AM351851
Q138717850,AM354585
Q138717851,AM351868
Q138717852,AM351869
Q138717853,AM23993
Q138717854,AM351889
Q138717855,AM351915
Q138717857,AM23998
Q138717858,AM363258
Q138717859,AM351975
Q138717872,AM354584
Q138717873,AM351856
Q138717874,AM23945
Q138717875,AM42364
Q138717876,AM354592
Q138717877,AM42365
Q138717878,AM23946
Q138717879,AM354595
Q138717880,AM354596
Q138717927,AM352539
Q138717928,AM352542
Q138717929,AM352543
Q138717930,AM352546
Q138717931,AM42409
Q138717932,AM352550
Q138717933,AM352553
Q138717934,AM352556
Q138717935,AM352561
Q138717936,AM352563
Q138717937,AM24016
Q138717938,AM352574
Q138717939,AM24017
Q138717940,AM352575
Q138717941,AM352576
Q138717942,AM352577
Q138717943,AM352578
Q138717944,AM352580
Q138717945,AM352581
Q138717946,AM352585
Q138717947,AM352586
Q138717948,AM352588
Q138717949,AM352591
Q138717950,AM352592
Q138717951,AM354495
Q138717952,AM354648
Q138717953,AM352601
Q138717954,AM352602
Q138717955,AM352605
Q138717957,AM352606
Q138717958,AM352608
Q138717959,AM352609
Q138717960,AM352610
Q138717961,AM352613
Q138717962,AM352614
Q138717963,AM352623
Q138717964,AM352624
Q138717965,AM352628
Q138717966,AM352629
Q138717967,AM352630
Q138717968,AM352631
Q138717969,AM352633
Q138717970,AM42415
Q138717971,AM352635
Q138717972,AM352636
Q138717973,AM352637
Q138717974,AM352639
Q138717975,AM352640
Q138717976,AM352641
Q138717977,AM352643
Q138717978,AM352645
Q138717979,AM352646
Q138717980,AM352647
Q138717981,AM352653
Q138717982,AM352655
Q138717983,AM352656
Q138717984,AM352658
Q138717985,AM352659
Q138717986,AM352661
Q138717987,AM352666
Q138717988,AM354652
Q138717989,AM42417
Q138717990,AM352674
Q138717991,AM352675
Q138717992,AM352676
Q138717993,AM352677
Q138717994,AM352680
Q138717995,AM352685
Q138717996,AM352686
Q138717997,AM352688
Q138717998,AM24019
Q138717999,AM352689
Q138718000,AM352695
Q138718001,AM352697
Q138718002,AM352700
Q138718003,AM352702
Q138718004,AM352703
Q138718005,AM352705
Q138718006,AM352707
Q138718007,AM352710
Q138718008,AM352711
Q138718009,AM352712
Q138718010,AM352713
Q138718011,AM352714
Q138718012,AM354428
Q138718013,AM352718
Q138718014,AM363280
Q138718015,AM42419
Q138718016,AM354655
Q138718017,AM352723
Q138718018,AM23956
Q138718019,AM351302
Q138718020,AM351304
Q138718021,AM42422
Q138718022,AM24021
Q138718023,AM351314
Q138718024,AM351321
Q138718025,AM351323
Q138718026,AM351324
Q138718027,AM351325
Q138718028,AM354658
Q138718029,AM42423
Q138718030,AM351331
Q138718031,AM351332
Q138718032,AM351338
Q138718033,AM351351
Q138718034,AM351352
Q138718035,AM351353
Q138718036,AM351354
Q138718037,AM354662
Q138718038,AM351363
Q138718048,AM354597
Q138718049,AM354724
Q138718050,AM352092
Q138718051,AM24119
Q138718052,AM24005
Q138718053,AM339134
Q138718055,AM354605
Q138718056,AM42373
Q138718057,AM352174
Q138718058,AM353715
Q138718059,AM354612
Q138718060,AM24009
Q138718061,AM23951
Q138718062,AM352297
Q138718063,AM354620
Q138718064,AM352319
Q138718082,AM352119
Q138718083,AM352133
Q138718084,AM42371
Q138718085,AM354496
Q138718086,AM352322
Q138718087,AM352323
Q138718088,AM352325
Q138718090,AM352326
Q138718091,AM354621
Q138718108,AM352330
Q138718109,AM352331
Q138718110,AM352332
Q138718111,AM352333
Q138718112,AM352335
Q138718113,AM352336
Q138718114,AM352341
Q138718115,AM352343
Q138718116,AM352345
Q138718131,AM352346
Q138718132,AM352347
Q138718133,AM352353
Q138718134,AM352357
Q138718135,AM352361
Q138718136,AM352362
Q138718137,AM352364
Q138718138,AM352366
Q138718139,AM352368
Q138718166,AM352369
Q138718167,AM352372
Q138718168,AM352373
Q138718169,AM352374
Q138718170,AM352375
Q138718171,AM352377
Q138718172,AM352378
Q138718173,AM352384
Q138718174,AM352385
Q138718191,AM352386
Q138718192,AM352389
Q138718193,AM352390
Q138718194,AM352392
Q138718195,AM352395
Q138718196,AM352396
Q138718197,AM352397
Q138718198,AM352398
Q138718199,AM352399
Q138718326,AM352400
Q138718327,AM42391
Q138718328,AM352411
Q138718329,AM352412
Q138718330,AM352413
Q138718331,AM352415
Q138718332,AM352419
Q138718333,AM352420
Q138718334,AM352421
Q138718368,AM42394
Q138718369,AM42395
Q138718370,AM352423
Q138718371,AM42398
Q138718372,AM352424
Q138718373,AM352428
